ipla	pl.redefine.ipla
Spray Painter	pl.netox.spray
Color Balls (CHR)	pl.chrsoft.colorballs
RWiimote(Need Root)	ray.android.rootwii
Cartoon Wars	com.gamevil.cartoonwars.one.global
Cracked Reader Lite	com.cracked.android.lite
Hello Kitty Seasons	com.sd.google.hkbsseasons
Bighand for Android	com.bighand.android
Geodroid	com.clinkybot.geodroid0
Roman Empire	com.romanempire
PapiJump	net.sunflat.android.papijump
JuiceSky	com.juiceapac.juicesky
Pediatrics Essentials	com.thomson.pediatrics
Ovenbreak	com.com2us.ovenbreak.normal.freefull.google.global.android.common
My Clinic	com.gameinsight.myclinic
Caligo Chaser Free	com.com2us.caligofree
My Pet Cuby	com.dreamcortex.talkingPet_android
Prize Claw	com.gamecircus.PrizeClaw
Chicken Invaders 3	com.interactionstudios.CI3.ggl
Vodafone galerie	eu.inmite.android.vodafone.vanoce
Coin Flip Full Free	com.ajas.CoinFlipFullFree
Meganoid FREE	com.meganoid.engine
Scary Ringtones	com.er.scary
LockBot Free	com.jackdoit.lockbotfree
Funny and Cute Ringtones	com.aura.ringtones.aurafunnycute
Ultimate Cave	com.droidhen.cave
Angry Monkey	com.tgb.kingkong
Talking Parrot	com.andrudis.wallpaper.talkingparrot
Shoot The Ducks	com.duckygo.shoottheducks
Success Story	com.g5e.sstory
Fling a Thing	com.bigbluebubble.fatfree
Caps	pl.avantis.caps.admob
VirtueMart Admin	com.sufalamtech.ecommerce.admin
Voice Changer	com.soundeffects.voicedoll
Road Tolls	com.qbiki.roadtolls
VDM Officiel	vdm.activities
Russian Roulette	com.creativeappsgroup.russianroulette
Dice 3D	de.lola.games.dice3d
Fingerprint Love Test Scanner	semsix.fingerprintlovetest
Talking Gina the Giraffe Free	com.outfit7.talkinggina
Ghost Detector	com.dimcher.entertainment.ghostdetectorar
BatteryBear .f	com.Green4thWood.c20103.f
Cat Sounds	com.km.effects.catsounds
CONTRACT KILLER	com.glu.android.ck
Imovelweb	maya.im.imovelweb
Cracked Screen	com.acr.crackedscreen
TibiaME MMO	com.cipsoft.tibiame
Fishing Master	smartteam.fishingmaster.lite.en
Fingerprint Scanner Free	com.adameteve.fingerprint.scanner.free
Music Online	com.tufan.musiconline
Revolver	com.dimcher.entertainment.revolver
Save The Bird	com.roidgame.SaveBirds
Idiotizer	net.maicas.android.idiotizer
Localiza movil	com.protoscomunicaciones.localizamovil
Air Hockey	com.candydroid.airhockey
Russian Cartoons for children	com.whisperarts.cartoons
Fart Sound Board	com.alkalinelabs.fartsoundboard
Rage of Bahamut	com.mobage.ww.a692.Bahamut_Android
Text Synchronized Audiobooks	com.readingbee.studiofreeaudiobooks
Rule the Kingdom	com.gameinsight.kingdom
Steamy Window	com.appspot.swisscodemonkeys.steam
FRONTLINE COMMANDO	com.glu.modwarsniper
Invoice2go Lite - Invoice App	com.invoice2golite
FahrInfo SVV	de.eos.uptrade.android.fahrinfo.salzburg
DiariodeLeon.es	com.diarioleon
Angel Piano.	com.AngelPiano
PapiWall	net.sunflat.android.papiwall
FastBall 2	com.klik.games.fastball2
Saving Yello	com.dreamfabpapaya.savingyello
Major Mayhem	com.turner.asmajormayhem
RuneScape SwiftKit Mobile Lite	com.bluelightdev.runedroid
VillageProfile	com.mcsolutions.villageprofiledroid
Cartoon Wars 2	com.gamevil.cartoonwars.two.global
Scary Maze for Android	atticlab.ScaryMazedGame
Funny Morning Alarm Ringtones	com.aura.ringtones.auramorningalarms
Movies HD	com.stream.phd
Empire defense	goodteamstudio.defence.lite.en
Police Scanner	com.blue.fox.scannerradio
FaceGoo Lite	com.robotwheelie.android.facegoo
Guitar Tuner	ru.ee
Kung Fu Do Fighting	com.wagame.ChiKuneDoLite
Taylor Swift	com.mobileroadie.TaylorSwift
Join the Army	com.jointhearmy
Snipe Trial	com.roboconn.snipetrial
20000 Awesome Jokes	com.smartanuj.jokes
SPEED !	net.gravis.speed
Funny Pics	com.stuckpixelinc.funnypics
Dark Galaxy: Space Wars	com.uken.android.novawars
Titan Turret	com.codemonkey.titanturret
Super Junior SHAKE	com.dooub.shake.sjshake
Throw a Panda	heinrisch.throwa.pandaad
The World of Magic	com.com2us.imo.normal.freefull.google.global.android.common
Slime vs. Mushroom2	com.westriversw.SvsM2
CineShowTime theater	com.binomed.showtime
SushiChop	com.roguerocketgames.sushichop
Car Tunes Music Player(No Ads)	com.hstanaland.cartunes
Cristiano Ronaldo Wallpapers	com.cristianoronaldogalleryiaos.wallpaper
PS3 Trophies Lite	ar.com.ps3argentina.trophies
Better Cracked Screen	com.m3roving.bettercrackedscreen
SensaCine	com.sensacine.android
The Streetz	com.uken.android.thestreetz
Space Thunk	com.popcannibal.spacethunk
Funny Warp	com.rm.android.facewarp
Bugs War	com.feelingtouch.bugswar
Sky Guida TV	com.guidasky.android
Folk Alley Player	com.folkalley.android
Baby Color Book - Musical	meansoft.colorbook.musical.view
Fingerprint Lock	com.tara.android.fingerprintlock
Cat War	com.westriversw.CatWar
Deadly Chambers Demo	com.batterypoweredgames.deadlychambersdemo
Make me Old	photos.age.makeMeOld
Tom Loves Angela	com.outfit7.tomlovesangelafree
FingerCMS	fingercms.tw.com.deeplet
Bruellaffe	com.bruellaffe
Angry Birds	com.rovio.angrybirds
101 Ways to Say I Love You	com.bookandroid.waystosayiloveyou
4Sync	com.forsync
Cup! Cup! Golf 3D!	com.exe.newgolfitem
Dark Summoner	com.darksummoner
Mystery Manor	com.gameinsight.mmandroid
Touch Hockey: FS5	com.mobage.ww.a448.TouchHockey_android
Saw	com.org.pferenc.saw
DESTINIA	game.destiniaeng
A Space Shooter For Free	com.frimastudio.android.SpaceShooter
Move-O-Meter	com.staircase3.mov
Droid Catcher	ch.xot.droid_catcher
Grenade Whistle Free	com.tapular.grenadewhistle
Stick Fighter	com.tweber.stickfighter.activities
Angry Frogs	amep.games.af_final
Paintball	com.bawidgets.paintball
Run Run Chicken 2012	com.bobgame.chickenrun2
TV Guide	net.micene.minigroup.palimpsests.lite
Medieval Castle Defense	com.nova.root
HBO GO	com.HBO
Leaving Cert Past Papers	com.acet.leavingCertPapers
StumbleUpon	com.stumbleupon.android.app
Linker	com.voodoo.games.linker
Fontaines	com.fontaines
Myth Defense LF free	smpxg.mythdefense_free
Mirror	mmapps.mirror.free
Paint Easy	com.visva.paintshop
Mood Scanner	com.dikkar.moodscanner
GhostCam: Spirit Photography	com.insasofttech.GhostCam
BoxOfWords FREE	com.softetic.plp.bam.demo
KinoDroid	by.istin.android.kinobaza
Guitar : Solo Lite	com.codingcaveman.SoloTrial
Talking Dog	air.com.games4girls.TalkingDog
Real Sex Stories	hub.appsit.riiilexstori
Guns	ez.android.myguns
Hungry Fish	mominis.Generic_Android.Hungry_Fish
Air Traffic Control Lite	com.lavapps.AirTrafficControlLite
Dragon Rush Pro	com.baileyz.bluppypro
Animal Planet	com.discovery.apl
Ant Smasher Free	air.couk.hamzagames.ultimatesmasher
Body Naked Scanner	com.mirasoftapps.nudescanner
101 Japanese Sexy Girls Album	jiangyou4.wallpaper.japan4
Talking Smiling Simon	com.kauf.talking.baum.TalkingSmilingSimon
Popular Funny Ringtones	com.er.popularfunny
Rocket Bunnies	com.DefiantDev.RocketBunnies
Castle Master 3D	com.alphacloud.castlemaster
Blobby Volleyball	com.appson.blobbyvolley
Finger Cutter	com.km.games.fingercutter
Program TV	pl.wp.programtv
Spreewald	de.hyperworx.spreewald
Digital Ringtones	com.aura.ringtones.auradigital
Instant Voice 2 Email	nl.tetrakis.instantvoice2mail
Sex	com.foolass.sex
Mole Kart	com.droidhen.taomee.molekart
Falling Fred	com.dedalord.fallingfred
Stick Swing	com.hz.game.stickswing
Stupid Zombies	com.gameresort.stupidzombies
FatBooth	com.piviandco.fatbooth
War Game	com.gameforge.xmobile.war
Hansel and Gretel	com.playtales.en.hanselygretel
Talking Joe Ostrich	com.kauf.talking.baum.TalkingJoeOstrich
1Malaysia TV	com.Onemalaysia.tv
Achievement More	achievement.more
theCHIVE	com.thechive
Soccer	com.magmamobile.game.soccer
Androidify	com.google.android.apps.androidify
EXTRA Driver	com.eliteextra.driver
tv.nu	com.tvnu.app
Running Fred	com.dedalord.runningfred
DiceShaker 3D Free	com.pallosalama.dice.free
Enchanted Realm	com.gameinsight.enchantedrealm
F18 Carrier Landing Lite	it.rortos.f18carrierlandinglite
Cracked iPhone 4S	com.mirasoft.crackediphone
Amsterdam Travel Guide Triposo	com.triposo.droidguide.amsterdam
Birdman Rally	com.feelingtouch.FlyMan
Hangame for Android	jp.co.hangame.hangamelauncher
Dark Legends	sts.dl
Dungeon Wonders LITE	game.activity
BuddyCon 2.0	bnw.project.wallpaper.buddycons
Find My Car Free	br.findmycarfree
Big Sport Fishing 3D Lite	com.rocketmind.fishing
Amazing Alex Free	com.rovio.amazingalex.trial
StrobeLights	com.cyberfabric.strobelights
Creepy Tales	hu.info2k5.msd.CreepyTales
Katoombaa Kitchen Chaos	mominis.Generic_Android.Katoombaa_Kitchen_Chaos
BIGBANG SHAKE	com.dooub.shake.bbshake
Night Vision Camera	com.fingersoft.nightvisioncamera
TV.com	com.rhythmnewmedia.tvdotcom
Talking Dinosaur	com.red.dino
My Xbox LIVE	com.microsoft.xle
Cordy	com.silvertree.cordy
TattooCam: Virtual Tattoo	com.insasofttech.TattooCam
Clumpsball	ru.aeradev.games.clumpsball
Panic Flight	com.Ama.PanicFlightFree
Restaurant Live	com.dm.restaurant
Age of Legends: Kingdoms RPG	com.uken.android.ageoflegends
Talking Rabbit	com.lily.times.rabbit1.all
Coin Flip	com.ajas.coinflip
Beautiful quote	com.over.quote.newver
Funny Videos and Pics by Break	com.breakapps.breakdotcom
Dirty Jokes	com.appspot.swisscodemonkeys.dirty
Traffic Signs (Free)	aynu.senalesfree
Free TV	com.hapkidroid.gratistv
Lair Defense: Shrine	com.hz.game.ld2
Pinball Arcade	com.farsight.AndroidPinball.javaProject
Las Vegas Real Estate	com.cevado.idx.LasVegasRealEstate
Sith Saber	com.mindSpringLabs.sithSaber
Partner Zodiac	at.mikemitterer.android.partnerzodiacs
XFINITY TV	com.xfinity.tv
Froggy Jump	org.invictus.froggyjumpx
Falldown Classic	com.teamsoft.falldown
Cartoni Animati TV	it.sunsea.cartonianimati
TaiwanMovies	com.gjmatw.android.app
The Whip Sound App	net.eclerstudios.thewhipsoundapp
Angry Birds Space	com.rovio.angrybirdsspace.ads
Blade Buddy PRO	com.droidgram.bladebuddypro
Astro Light	com.hannesbiribauer.apps.astrolight
Online RPG Celes Arca	com.asobimo.celes_gp_en
Tower Raiders 2 FREE	com.gianormousgames.towerraiders2free
Calorie Counter	com.about.CalorieCount
Aquarium 3D Live Wallpaper	com.crs.aqariumlivewallpaper
Parkour: Roof Riders Lite	com.blyts.parkourlite.activities
P5	com.fiskur.p5
Tank Hero	com.clapfootgames.tankhero
Tripping Fest Lite Drawing	com.forrestheller.trippingfest.free
Exotic Ringtones	com.aura.ringtones.auraexotic
jGirl (HD Japanese Girls)	com.appmox.jgirl
Face Effects	com.appspot.swisscodemonkeys.warp
Nations At War	com.tgb.nationsatwar
ZombieBooth	com.motionportrait.ZombieBooth
Rocket Craze	com.rixment.game.rocketcraze
Fragger	com.miniclip.fraggerfree
JAM FM New Music Radio	com.spodtronic.radio.jamfmnmr
Ultimate Russian Roulette	com.menueph.entertainment.russianroulette
Car2Enjoy	com.mobispectra.android.apps.car2enjoy
Inotia3: Children of Carnia	com.com2us.inotia3.normal.freefull.google.global.android.common
Robotic Guitarist Free	com.pedrocorp.android.guitar
GUN BROS MULTIPLAYER	com.glu.android.gunbros_free
Indy Coupon Deals	com.ifd.lite.icd
Techno Remix Ringtones	com.aura.ringtones.auratechnoremix
Strikefleet Omega	com.sixwaves.strikefleetomega
Personality Test	com.ateamdroid.personality
Currency Converter	com.pocketools.currency
BMW X3 Anywhere	com.x3anywhere
Speed Hiker	com.droidhen.game.speedhiker
AlloCine	com.allocine.androidapp
Muffin Knight FREE	com.angrymobgames.muffinknightfree
Conquer 3 Kingdoms	com.Conquer3.Kingdoms.game.good.haha
2 Player Reactor	com.cool.reaction
Snipe Lite	com.roboconn.snipelite
TVB fun	com.tvb.tvbfun
Bumbledore	com.nimblygames.bumbledore
Lightsword	org.ugosan.lightsword
Electric Guitar Tuner	mz.electric.guitar.tuner
Cordy Sky	com.silvertree.cordysky
NVIDIA TegraZone	com.nvidia.tegrazone
Vikings vs Zombies FREE	br.com.jera.vikings
YG ENTERTAINMENT OFFICIAL APP	jp.naver.android.artist.ygfamily
Police Scanner Radio Scanner	com.berobo.android.scanner
Find Differences Deluxe	com.finddifferences.finddifferences
Mega Jump	com.getsetgames.megajump
e-finan	br.com.efinance
Meme Generator	com.lab.age.stone.obsidian
Last Stand Lite	laststand.lite
gManagerLite	com.frimmon.gManagerLite
Crime Story	com.gameinsight.crimestory
Happy Birthday Cake	com.pigeon.happybdaycakelite
Bubbly Beer Live Wallpaper	com.beer.wallpaper
Iron Wars	com.appmania.ironwars.hd
Slime vs. Mushroom	com.westriversw.svsm
Cineplex Mobile	com.fivemobile.cineplex
Geo Mallorca	com.letitguide.geomallorca
Mobilbank	no.santander.mobilbank
THE DEAD: Chapter One	com.corncrow.thedead
Broke My Phone	com.km.house.broke
Talking James Squirrel	com.kauf.talking.baum.TalkingJamesSquirrel
Iron Rusher	com.ielfgame.ironRusher
The Whip App	atticlab.whip
Naked Scanner	com.mhedia.nakedscanner
MP3 Ringtone Maker	com.futerox.ringtonemaker
AR Shooting	com.project_x.ARShooting
Dog Teaser	com.shanescode.DogAnnoyer
NAB	au.com.nab.mobile
Random Lolcat	com.mindbeach.android.RandomLOLCat
TV Show Favs	com.tvshowfavs
Crystallight Defense Free	smpxg.crystallight_free
Gun Strike	com.paladin.GunStrike
Funny Jokes	com.appspot.swisscodemonkeys.jokes
Stair Dismount	com.secretexit.dismount
Hoo Lee Bells	com.expedition107.bells.light
Blast Monkeys	com.yobonja.blastmonkeysfree
MiniGame Paradise	com.com2us.minigameparadise.normal.freefull.google.global.android.common
DIRECTV	com.directv.dvrscheduler
Space Buster	com.storybird.spacebusterlite
HexDefense Free	com.gotow.hexdefensefree
TapDroid Free Edition	com.repsis.android.tapdroid
EPIC FAIL	com.stuckpixelinc.epicfail
Fun Gallery	com.funny.meme
Business Ringtones	com.aura.ringtones.aurabusiness
Spinballs	com.christiangross.spinballs
One Direction Song Quiz	com.KEYsoft.odss
Compass to Mecca	de.prog.frog.mekka_ad
Talking Teddy Bear	talking.toy.teddy.bear
BMFBOVESPA	br.bovespa
Myxer	com.myxer.android
CounterStrike Training	com.knutjobs.cs
Dogs Best Live Wallpaper	com.dogsbestlivewallpaper.dogs
Kevin Hart Soundboard	appinventor.ai_mikedell83.KevinHartSoundboard
TapDefense	com.tapjoy.tapdefense
Fake Call	com.km.pranks.fakecaller
Napoleon Dynamite Soundboard	com.trickybanana.sounds.neod
Worm Jump	com.hyperkani.hyppely
The Beat: Music Videos by Fans	net.tsunamisoft.fanmusic
Machinima	com.favoritemedium
Pretty Pet Salon Seasons	com.animoca.prettyPetSalonSeasons
Weapon Chicken	com.easygame.weaponchicken
Dragon Hunter	com.feelingtouch.dragon.ice
Pocket Girlfriend Lite	com.atrium.pocketgirlfriendlite
Unblock Lego free	com.roidgame.unblocklego
Villains RPG	com.uken.android.villains
WonderSky	kbgsoft.android.WonderSky.Main
Berkshire Eagle	com.spreedinc.providers.digitalfirstmedia.berkshireeagle
Naked Scanner Free	com.alpha_aps.naked_scanner
Temple Run	com.imangi.templerun
Talking Santa Free	com.nurogames.talkingsantalite
Crazy Kangaroo	com.gamelion.ck
Forces of War	com.uken.android.forcesofwar
Gross Sounds	com.droiddevz.ruderingtones
Austin Powers Soundboard	com.grilledcheeseapps.soundboard.powers
Fail!	com.mangolee.fail.wtf.sexy.girl.wired.funny
25 Internet Marketing Articles	com.v1_4.BBA3CFAB607CAEDBB1025D6C.com
Falldown Multiball	com.androidgameplay.falldownmultiball
DEAD TRIGGER	com.madfingergames.deadtrigger
Who Sings It? 1990s Hits	com.alaskajim.whosingsit1990s
English Chinese Dictionary	com.dict.ec
GRave Defense HD Free	com.artofbytes.gravedefence.hd.free
Mortal Skies 2 Free	nl.ejsoft.mortalskies2Free
Compatibility horoscope tarot	com.webview.sazucafe
Improve Your Marriage	com.bookandroid.improvemarriage
Dogfight	com.sabec.airfix
SwagBucks TV Mobile	com.swagbuckstvmobile.views
What a Stupid Pigeon	com.adictiz.ilestconcepigeon
HowStuffWorks	com.twentythreedivide.hsw
Papa DaVinci	com.papadavinci.android.getitquick.activity
ColorUp Pro - Photo Editor	air.ca.esdot.ColorUpPro
Fingers Versus Knife	com.menueph.entertainment.finger
AFFINITY LOVE MATCH	com.androcheck.facedet
Fish Predator	com.droidhen.game.fishpredator
Retail Inventory	com.novalibra.cashierlive.inventory
People of Walmart	com.murtos.android.peopleofwalmart
Stardash Free	com.orangepixel.stardashf
Funny Love Test	com.gameinsight.funnylovetest
Talking Pierre the Parrot Free	com.outfit7.talkingpierrefree
CuScreen	com.cubicwave.homeScr
Whispering Sailors	net.sjang.sail
GRave Defense Holidays	com.artofbytes.gravedefence.free.hw
Bistro Cook	quasar.bistrocook
Wheelz - 2d physics platformer	com.chozabu.android.BikeGame
India Today Tamil	com.magzter.indiatoday.tamil
Palabras de Amor	com.frenys.android.palabrasdeamor
Dolphin	com.androp.cube.dolphin
Emross War	com.emrosswar
Mushroom War	com.westriversw.MushroomWar
Funny Call	com.gridmob.android.funnycall
YouTube Remote	com.google.android.ytremote
Couple Vow	com.ms.coupleobserver
WiFiMap Automatic Map Creation	jp.kmkz.android.wifimap
Fingerprint Scanner Lock	com.backstone.finger.security
Mobile Playmaker	com.buzztime.android.mobileplaymaker
Rooted AnyConnect	com.cisco.anyconnect.vpn.android.rooted
Fruit Slice	com.droidhen.fruit
Traffic Rush	com.eutopia.game.trafficrush
Body Fitness Pro	com.bodyfitness.health.bnht
Bounce Classic	com.cbaus.bounce
Diversion	com.ezone.Diversion
Justin Bieber Radio	tune.in.radio.JustinBieber
Rage Reader	com.apptopper.ragereader
Crawl 4x4 Lite	com.roboconn.crawlbeta
Clock cat .f	com.Green4thWood.ClockCatFree
Make Me Bald	com.appspot.swisscodemonkeys.bald
ShipCombat Multiplayer	itesta.shipcombat
Destiny Defense:Angel or Devil	com.morisoft.AndroidFreeGamENG.AOD
Gun Club 2	com.nextgenreality.gunclub
Super Androix	com.superandroix
LOVEFiLM By Post	com.lovefilm.android
Pool Master Pro	yong.bill
aTilt 3D Labyrinth Free	com.fridgecat.android.atiltlite
HotBeautyGirlAppreciate	com.jjfitue.jigsaw.bmwc
Showtime	com.eventmedialive.showtime
Ninja Rush HD	com.feelingtouch.ninjarush.hd2
Lane Splitter	com.fractiv.lanesplitter
Studyit:G.E.D	com.v1_4.B3C3548E054DAF950E22C115.com
Scratch Draw Groovy! Art Game	com.teachersparadise.groovyscratchdraw
Watchdog Task Manager	com.zomut.watchdog
Jewels Pop Pro	com.teamandroid.game
Color Flashlight	com.socialnmobile.hd.flashlight
Scan2PDF Mobile Lite	com.burrotech.scan2pdf
Glomper events	com.geogame.event
