permission , count
SUM , 2144
android.permission.INTERNET , 1615
android.permission.READ_EXTERNAL_STORAGE , 1240
android.permission.WRITE_EXTERNAL_STORAGE , 1228
android.permission.ACCESS_NETWORK_STATE , 1108
android.permission.READ_PHONE_STATE , 689
android.permission.WAKE_LOCK , 440
android.permission.ACCESS_WIFI_STATE , 439
android.permission.VIBRATE , 381
android.permission.ACCESS_FINE_LOCATION , 368
android.permission.CAMERA , 344
android.permission.ACCESS_COARSE_LOCATION , 317
android.permission.GET_ACCOUNTS , 247
com.google.android.c2dm.permission.RECEIVE , 180
android.permission.READ_CONTACTS , 148
android.permission.RECORD_AUDIO , 145
android.permission.SET_WALLPAPER , 121
android.permission.RECEIVE_BOOT_COMPLETED , 118
android.permission.CALL_PHONE , 116
android.permission.BLUETOOTH , 111
android.permission.READ_CALL_LOG , 105
android.permission.BLUETOOTH_ADMIN , 94
android.permission.NFC , 92
android.permission.WRITE_CONTACTS , 90
com.android.vending.CHECK_LICENSE , 87
android.permission.WRITE_SETTINGS , 86
android.permission.CHANGE_WIFI_STATE , 82
android.permission.GET_TASKS , 81
android.permission.MODIFY_AUDIO_SETTINGS , 67
android.permission.WRITE , 67
android.permission.ACCESS_LOCATION_EXTRA_COMMANDS , 67
android.permission.FLASHLIGHT , 66
com.android.vending.BILLING , 65
android.permission.WRITE_CALL_LOG , 63
android.permission.SYSTEM_ALERT_WINDOW , 62
com.android.browser.permission.READ_HISTORY_BOOKMARKS , 59
android.permission.BROADCAST_STICKY , 59
android.permission.SEND_SMS , 58
com.google.android.providers.gsf.permission.READ_GSERVICES , 57
android.permission.RECEIVE_SMS , 57
android.permission.USE_CREDENTIALS , 57
android.permission.READ_CALENDAR , 53
android.permission.WRITE_SECURE_SETTINGS , 49
com.android.browser.permission.WRITE_HISTORY_BOOKMARKS , 48
android.permission.WRITE_CALENDAR , 48
android.permission.MOUNT_UNMOUNT_FILESYSTEMS , 43
android.permission.RESTART_PACKAGES , 43
android.permission.READ_SMS , 43
com.android.launcher.permission.INSTALL_SHORTCUT , 41
com.larryvgs.battery.permission.ADDON , 36
android.permission.DISABLE_KEYGUARD , 36
android.permission.READ_LOGS , 35
android.permission.MANAGE_ACCOUNTS , 35
android.permission.CHANGE_CONFIGURATION , 34
android.permission.AUTHENTICATE_ACCOUNTS , 34
android.permission.CHANGE_NETWORK_STATE , 32
android.permission.ACCESS_MOCK_LOCATION , 31
android.permission.WRITE_SYNC_SETTINGS , 31
android.permission.READ_SYNC_SETTINGS , 29
android.permission.WRITE_SMS , 28
com.android.launcher.permission.READ_SETTINGS , 25
android.permission.SET_ORIENTATION , 24
android.permission.READ_SYNC_STATS , 23
android.permission.KILL_BACKGROUND_PROCESSES , 23
android.permission.RECORD_VIDEO , 21
com.android.launcher.permission.WRITE_SETTINGS , 21
android.permission.sec.MDM_APP_MGMT , 19
android.permission.sec.MDM_HW_CONTROL , 19
android.permission.sec.MDM_RESTRICTION , 19
android.permission.sec.MDM_WIFI , 19
com.sec.android.provider.badge.permission.READ , 18
android.permission.BIND_APPWIDGET , 17
android.permission.ACCESS_ALL_DOWNLOADS , 17
com.sec.android.provider.badge.permission.WRITE , 17
android.permission.sec.ENTERPRISE_DEVICE_ADMIN , 17
android.permission.sec.MDM_DATE_TIME , 17
com.soreha.perrault.permission.RESPOND , 14
android.permission.INSTALL_PACKAGES , 14
android.permission.ACCESS_GPS , 13
android.permission.sec.MDM_LOCATION , 12
android.permission.sec.MDM_EXCHANGE , 11
android.permission.sec.MDM_ROAMING , 11
android.permission.sec.MDM_EMAIL , 11
android.permission.sec.MDM_VPN , 11
android.permission.sec.MDM_INVENTORY , 11
android.permission.sec.MDM_PHONE_RESTRICTION , 11
android.permission.sec.MDM_APN , 11
android.permission.PROCESS_OUTGOING_CALLS , 11
android.permission.sec.MDM_SECURITY , 11
android.permission.sec.MDM_BLUETOOTH , 11
com.amazon.device.messaging.permission.RECEIVE , 10
android.permission.ACCESS_LOCATION , 10
android.permission.sec.MDM_FIREWALL , 9
android.webkit.permission.PLUGIN , 9
android.permission.WRITE_INTERNAL_STORAGE , 9
android.permission.sec.MDM_CALLING , 9
android.permission.sec.MDM_ENTERPRISE_VPN , 9
android.permission.sec.MDM_BROWSER_SETTINGS , 9
android.permission.MODIFY_PHONE_STATE , 7
android.permission.sec.MDM_KIOSK_MODE , 7
android.permission.CHANGE_WIFI_MULTICAST_STATE , 7
android.permission.UPDATE_DEVICE_STATS , 7
android.permission.ACCESS_ASSISTED_GPS , 7
kr.ac.dima.lib.permission.C2D_MESSAGE , 7
android.permission.BATTERY_STATS , 7
android.permission.SET_WALLPAPER_HINTS , 6
com.android.launcher.permission.UNINSTALL_SHORTCUT , 6
android.permission.ACCESS_SURFACE_FLINGER , 6
android.permission.SET_DEBUG_APP , 5
android.permission.ACCESS_SUPERUSER , 5
android.permission.WRITE_OWNER_DATA , 5
com.android.broswer.permission.WRITE_HISTORY_BOOKMARKS , 4
android.permission.ACCESS_CORSE_LOCATION , 4
com.google.android.gm.permission.READ_GMAIL , 4
io.vov.vitamio.permission.WRITE_PROVIDERS , 4
android.permission.RECEIVE_MMS , 4
io.vov.vitamio.permission.RECEIVE_MESSAGES , 4
READ_PHONE_STATE , 4
com.soreha.lafontaine.permission.RESPOND , 4
android.permission.MANAGE_DOCUMENTS , 4
android.permission.DELETE_PACKAGES , 4
com.felicanetworks.mfc.permission.MFC_ACCESS , 4
android.permission.READ_OWNER_DATA , 4
com.sony.smallapp.permission.SMALLAPP , 4
android.permission.CONTROL_LOCATION_UPDATES , 4
android.permission.MOUNT_FORMAT_FILESYSTEMS , 4
android.permission.EXPAND_STATUS_BAR , 4
android.permission.BIND_INPUT_METHOD , 3
com.arabicgarage.a206.permission.C2D_MESSAGE , 3
android.permission.RUN_INSTRUMENTATION , 3
android.permission.SET_PREFERRED_APPLICATIONS , 3
android.permission.LOCATION , 3
android.permission.SYSTEM_OVERLAY_WINDOW , 3
com.android.alarm.permission.SET_ALARM , 3
android.permission.ADD_SYSTEM_SERVICE , 3
android.permission.READ_PROFILE , 3
android.permission.ACCOUNT_MANAGER , 3
android.permission.WRITE_USER_DICTIONARY , 3
android.permission.ACCESS_COARSE_UPDATES , 3
android.permission.BROADCAST_SMS , 3
android.permission.READ_USER_DICTIONARY , 3
android.permission.REORDER_TASKS , 3
android.permission.CLEAR_APP_CACHE , 3
android.permission.DUMP , 2
android.permission.HARDWARE_TEST , 2
com.google.android.providers.gmail.permission.READ_GMAIL , 2
android.permission.REBOOT , 2
android.permission.ACCESS_CELL_ID , 2
android.permission.BROADCAST_PACKAGE_REMOVED , 2
android.permission.NETWORK , 2
com.google.android.xmppService.permission.XMPP_SERVICE , 2
android.permission.DOWNLOAD_WITHOUT_NOTIFICATION , 2
android.permission.BAIDU_LOCATION_SERVICE , 2
com.google.android.googleapps.permission.GOOGLE_AUTH , 2
android.permission.RECEIVE_WAP_PUSH , 2
android.permission.GET_PACKAGE_SIZE , 2
mobi.conduction.swipepad.android.permission.READ_SETTINGS , 2
android.permission.BLUETOOTH_PRIVILEGED , 2
android.permission.STATUS_BAR , 2
android.permission.DEVICE_POWER , 2
android.permission.WRITE_APN_SETTINGS , 2
android.permission.CALL_PRIVILEGED , 2
com.dasansogo.dabooke.permission.C2D_MESSAGE , 2
android.permission.SUBSCRIBED_FEEDS_READ , 2
android.permission.ACCESS_CHECKIN_PROPERTIES , 2
com.google.android.providers.talk.permission.READ_ONLY , 2
android.permission.ACCESS_FIND_LOCATION , 2
com.mdm.android.permissions.ACCESS_AGENT_SERVICE , 2
android.permission.SUBSCRIBED_FEEDS_WRITE , 2
android.permission.CHANGE_COMPONENT_ENABLED_STATE , 2
com.android.email.permission.READ_ATTACHMENT , 2
android.permission.DIAGNOSTIC , 2
com.google.android.gms.permission.ACTIVITY_RECOGNITION , 2
com.w394aa0a22311a004a718516078be944d.permission.C2D_MESSAGE , 1
net.ggapp2.sample01.permission.C2D_MESSAGE , 1
com.brnetcomm.libonesmart.geumcheon.permission.C2D_MESSAGE , 1
android.permission.READ_FRAME_BUFFER , 1
jp.softbank.mb.pma.permission.ACCESS_PRMS , 1
com.conduit.app_fac23362ad3c4d3b980bf5772ac5b4a6.app.permission.C2D_MESSAGE , 1
android.permission.android.permission.GET_TASKS , 1
android.hardware.camera.autofocus , 1
com.fsecure.ms.raiffeisen.sa.UNINSTALL , 1
kr.or.shcitylib.shlibrary.permission.C2D_MESSAGE , 1
com.apptec360.android.mdm.safe.permission.ApptecMDM , 1
com.mobeegen.kitchensink.permission.C2D_MESSAGE , 1
com.conduit.app_630596471fb847c5905c490d5b9a23f7.app.permission.C2D_MESSAGE , 1
com.wSubwayDietPlan.permission.C2D_MESSAGE , 1
biz.app4mobile.app_ba4241956d564abe9a9b705c849ab09a.app.permission.RECEIVE_ADM_MESSAGE , 1
com.imm.catalogo.permission.C2D_MESSAGE , 1
com.hybridforge.oppl.permission.C2D_MESSAGE , 1
kr.ac.youngdong.yulis.m.permission.C2D_MESSAGE , 1
com.dsi.ant.permission.ANTRADIO , 1
com.fsecure.ms.raiffeisen.sa.ACCESS_ALL_DOWNLOADS , 1
com.wOrganicChemistryClass.permission.C2D_MESSAGE , 1
com.hafizjunaidmalikgmailcom.intelappframework.permission.C2D_MESSAGE , 1
com.app_mynightout.layout.permission.C2D_MESSAGE , 1
android.permission. , 1
com.jaisaistudio.tipnasai.permission.C2D_MESSAGE , 1
hu.telekom.appland.permission.C2D_MESSAGE , 1
android.permission.SET_TIME , 1
com.wKURANULMECIDTURKCEMEALI.permission.C2D_MESSAGE , 1
kr.ac.hansei.lib.permission.C2D_MESSAGE , 1
android.permission.INJECT_EVENTS , 1
android.permission.BIND_DEVICE_ADMIN , 1
com.lightstreamer.demo.android.permission.C2D_MESSAGE , 1
com.nooresto.r167.permission.C2D_MESSAGE , 1
com.setting.wallpapercolor.permission.C2D_MESSAGE , 1
nl.sense_os.app.permission.C2D_MESSAGE , 1
com.dreamstep.wshopGirl.permission.C2D_MESSAGE , 1
nl.kluwer.ereader.permission.C2D_MESSAGE , 1
portrait.sssp.monaca.permission.C2D_MESSAGE , 1
de.arvenio.apps.nojtwl.permission.C2D_MESSAGE , 1
com.brnetcomm.libonesmart.cbe.permission.C2D_MESSAGE , 1
com.nextelkorea.push.permission.C2D_MESSAGE , 1
com.app_previewraa.layout.permission.C2D_MESSAGE , 1
com.google.android.gm.permission.READ_ATTACHMENT_PREVIEW , 1
de.fabrik19.fabrik19.permission.C2D_MESSAGE , 1
com.twotoasters.clusterkraf.sample.permission.MAPS_RECEIVE , 1
com.wOnlinePianoLessons.permission.C2D_MESSAGE , 1
com.csam.mclient.testtargetversion.activity.permission.INTENTS_PERMITTED , 1
com.quantummedia.tapthisfashion.permission.MAPS_RECEIVE , 1
com.ubinfo.lms.chodang.permission.C2D_MESSAGE , 1
com.apptec360.android.mdm.permission.ApptecMDM , 1
android.permission.FINE_LOCATION , 1
de.bulling.smstalklanguage.PERMISSION.RECOGNIZE , 1
com.webility.adverdea.golferapp.permission.C2D_MESSAGE , 1
com.conduit.app_f4c53c03301849158e71d098a524540a.app.permission.C2D_MESSAGE , 1
com.kaitenmail.permission.READ_MESSAGES , 1
android.permission.BIND_NOTIFICATION_LISTENER_SERVICE , 1
com.spudsoftware.mledesma.Spud_Software.permission.C2D_MESSAGE , 1
android.permission.sec.MDM_ANALYTICS , 1
net.islabit.smartmenu.permission.C2D_MESSAGE , 1
net.manageapps.HawaiiCocktailWeek.permission.C2D_MESSAGE , 1
com.reignmedia.zbwpubliclibrary.app.permission.C2D_MESSAGE , 1
com.gth.android_code_examp.permission.MAPS_RECEIVE , 1
com.gth.android_code_examp.nearby.permission.MAPS_RECEIVE , 1
tw.com.yourapp.permission.C2D_MESSAGE , 1
com.fsecure.ms.raiffeisen.sa.permission.C2D_MESSAGE , 1
com.google.android.gm.permission.READ_CONTENT_PROVIDER , 1
com.conduit.app_fac23362ad3c4d3b980bf5772ac5b4a6.app.permission.RECEIVE_ADM_MESSAGE , 1
com.htc.launcher.permission.READ_SETTINGS , 1
de.kondaconsult.apps.phw9oy.permission.MAPS_RECEIVE , 1
appnotch.sec.gzr4376appnotch.sec.gzr4376.permission.C2D_MESSAGE , 1
jp.softbank.mb.wispr.permission.CONFIG_EAP_ESSID , 1
com.appventive.permission.MAIL_PROVIDER , 1
com.example.permission.RECEIVE_MY_BROADCAST , 1
ch.applab.demo.permission.C2D_MESSAGE , 1
com.app_chalibraries.layout.permission.C2D_MESSAGE , 1
com.wKoranPaDansk.permission.C2D_MESSAGE , 1
com.conduit.app_10df2a8616914dad9714bc3b35f0f9fc.app.permission.C2D_MESSAGE , 1
com.yourinventit.servicesync.android.permission.MOAT_ANDROID , 1
android.permission.MANAGE_APP_TOKENS , 1
com.motorola.launcher.permission.READ_SETTINGS , 1
com.appbuilder.u332204p551877.permission.C2D_MESSAGE , 1
android.intent.action.CALL_PRIVILEGED , 1
kr.ac.mjlib.library.permission.C2D_MESSAGE , 1
com.liou.CoolCamHB.permission.C2D_MESSAGE , 1
com.scdroid.smartcard.USB_PERMISSION , 1
com.vringo.CONTENT_BUNDLE_DATA , 1
kr.ac.yongin.library.permission.C2D_MESSAGE , 1
eco.app.new_imla_elib_tablet.permission.C2D_MESSAGE , 1
android.email.permission.ACCESS_PROVIDER , 1
com.northAmerican.exhibition.sipsavor.permission.C2D_MESSAGE , 1
com.conduit.app_874fd71068774b00a61b3d8d7daa332d.app.permission.RECEIVE_ADM_MESSAGE , 1
com.slamjibe.android.gottodo.permission.READ_TASKS , 1
com.google.android.apps.photos.permission.GOOGLE_PHOTOS , 1
android.permission.READ_INPUT_STATE , 1
de.arvenio.apps.nojtwl.permission.MAPS_RECEIVE , 1
com.uschoolnet.android.ebook_t.permission.C2D_MESSAGE , 1
jp.softbank.mb.wispr.permission.CONFIG_EAP_ESSID_RESULT , 1
com.app.impuls.permission.C2D_MESSAGE , 1
com.conduit.app_f11f663964c6470fa19d7ad805297eed.app.permission.RECEIVE_ADM_MESSAGE , 1
kr.go.qia.lib.permission.C2D_MESSAGE , 1
android.permission.INTERACT_ACROSS_USERS_FULL , 1
android.permission.CLEAR_APP_USER_DATA , 1
de.bulling.smstalkvc_online.PERMISSION.RECEIVE , 1
com.wDuaBeforeStudying.permission.C2D_MESSAGE , 1
com.app_letsapp.layout.permission.C2D_MESSAGE , 1
de.gimik.qds.permission.MAPS_RECEIVE , 1
android.permission.ACCESS_COARASE_LOCATION , 1
com.ubinfo.lms.jj.permission.C2D_MESSAGE , 1
com.vivek.gpstrack.permission.MAPS_RECEIVE , 1
com.iwadoo.iwadoodemo.permission.C2D_MESSAGE , 1
com.conduit.app_b34b219615694b52b676b9b316bf5bc5.app.permission.RECEIVE_ADM_MESSAGE , 1
org.museeprotestant.HFPandroid.permission.C2D_MESSAGE , 1
android.permission.READ_INTERNAL_STORAGE , 1
org.mospi.momlappviewer.permission.MAPS_RECEIVE , 1
com.brnetcomm.libonesmart.yangsan2.permission.C2D_MESSAGE , 1
com.equeo.player.permission.C2D_MESSAGE , 1
egovframework.push.sample.client.gcm.permission.C2D_MESSAGE , 1
kr.re.keei.keeilibrary.permission.C2D_MESSAGE , 1
jp.softbank.mb.vdetection.permission.ACCESS_WFS_VD_STATE , 1
android.net.conn.CONNECTIVITY_CHANGE , 1
de.bulling.smstalkvc_offline.PERMISSION.RECEIVE , 1
com.nebelhorn.blappsta.permission.UA_DATA , 1
com.samsung.accessory.permission.ACCESSORY_FRAMEWORK , 1
com.trackaliaapps.mygym.permission.C2D_MESSAGE , 1
com.android.voicemail.permission.ADD_VOICEMAIL , 1
com.google.android.googleapps.permission.GOOGLE_AUTH.fusiontables , 1
android.permission.ACESS_SUPERUSER , 1
com.playchess.appname.permission.C2D_MESSAGE , 1
com.flikie.plugin.PLUG_IN_APPLICATION , 1
com.ubikod.capptain.demo.permission.C2D_MESSAGE , 1
android.permission.WRITE_PHONE_STATE , 1
com.brnetcomm.libonesmart.yp.permission.C2D_MESSAGE , 1
com.brnetcomm.libonesmart.rainbowyoungdong2.permission.C2D_MESSAGE , 1
com.moltak.test.permission.MAPS_RECEIVE , 1
com.canyon.library.android.permission.MAPS_RECEIVE , 1
com.conduit.app_10df2a8616914dad9714bc3b35f0f9fc.app.permission.RECEIVE_ADM_MESSAGE , 1
uk.co.kuffs.passwordsafe.permission.LicenseCheck , 1
android.permission.ACESS_NETWORK_STATE , 1
com.wNameTattooIdeas.permission.C2D_MESSAGE , 1
com.anek20.menu.permission.C2D_MESSAGE , 1
com.motorola.dlauncher.permission.READ_SETTINGS , 1
com.wspeedreadingapp.permission.C2D_MESSAGE , 1
com.rosberry.wadden.android.permission.MAPS_RECEIVE , 1
com.losfresnos.library.android.permission.MAPS_RECEIVE , 1
com.myceviche.myceviche.android.app.permission.C2D_MESSAGE , 1
es.pressmatic.dae.permission.C2D_MESSAGE , 1
com.conduit.app_04c1f01a69e547fb9dc17e42efa80443.app.permission.C2D_MESSAGE , 1
android.permission.PERSISTENT_ACTIVITY , 1
org.mobilesynergies.android.epic.permission.sendmessages , 1
com.brnetcomm.libonesmart.uil.permission.C2D_MESSAGE , 1
flugbuch_voll.java.permission.MAPS_RECEIVE , 1
android.permission.INTERACT_ACROSS_USERS , 1
com.tinycandidate.JaneSmith.permission.C2D_MESSAGE , 1
com.conduit.app_10a7e96023664d0cb54b5e0e34f8e0a6.app.permission.RECEIVE_ADM_MESSAGE , 1
com.myceviche.myceviche.android.app.permission.CHECK_IS_APP_OPEN , 1
com.conduit.app_81570bf1a2d8432e8ad4358cb8346013.app.permission.C2D_MESSAGE , 1
com.app_appnrg.layout.permission.C2D_MESSAGE , 1
com.conduit.app_f11f663964c6470fa19d7ad805297eed.app.permission.C2D_MESSAGE , 1
com.romob.android.activities.permission.C2D_MESSAGE , 1
appxygen.bigwore.cutebaby.permission.C2D_MESSAGE , 1
com.lge.launcher.permission.READ_SETTINGS , 1
com.tutk.DKSEGP2PCamLive.permission.C2D_MESSAGE , 1
android.permission.ACCESS_CACHE_FILESYS , 1
it.headinthecloud.android.seminarclientdemo.app.permission.C2D_MESSAGE , 1
com.csam.mclient.versiontestcase.activity.permission.INTENTS_PERMITTED , 1
.permission.MAPS_RECEIVE , 1
com.fsecure.ms.raiffeisen.sa.ACCESS_DOWNLOAD_MANAGER , 1
no.appfabrikken.etlivskalleves.permission.C2D_MESSAGE , 1
com.fsecure.ms.raiffeisen.sa.SEND_DOWNLOAD_COMPLETED_INTENTS , 1
com.appfikser.appfikser8cfe11a81a8c.permission.C2D_MESSAGE , 1
es.itbook.pmclone.permission.C2D_MESSAGE , 1
jp.co.bii.android.app.dskvzr.CONFGURE , 1
air.com.distriqt.test.maps.permission.MAPS_RECEIVE , 1
android.hardware.sensor.accelerometer , 1
com.bandeworks.hanakotobaeng.permission.C2D_MESSAGE , 1
android.permission.USES_POLICY_FORCE_LOCK , 1
com.dsi.ant.permission.ANT_ADMIN , 1
android.permission.ACTION_HEADSET_PLUG , 1
android.permission.FORCE_BACK , 1
com.planetdevices.android.loyalty.permission.C2D_MESSAGE , 1
edu.skku.skkulibrary.permission.C2D_MESSAGE , 1
fme.alerts.permission.C2D_MESSAGE , 1
com.conduit.app_2c80504e38f74557a0da13b19532f3b7.app.permission.C2D_MESSAGE , 1
com.imm.centrodeportivo.permission.C2D_MESSAGE , 1
com.mblox.mds.services.C2D_MESSAGE , 1
com.appbuilder.u633620p1150066.permission.C2D_MESSAGE , 1
kr.or.imla.ebookread.permission.C2D_MESSAGE , 1
es.itbook.dydactic.permission.C2D_MESSAGE , 1
com.apptec360.android.mdm.safe.permission.C2D_MESSAGE , 1
com.app_stoexpedito.layout.permission.C2D_MESSAGE , 1
de.erfolgssysteme.app.qz6kga.permission.MAPS_RECEIVE , 1
com.conduit.app_cab66bd335e24888bf2674256b400401.app.permission.C2D_MESSAGE , 1
android.permission.SET_TIME_ZONE , 1
kr.ac.ssu.ssulibrary.permission.C2D_MESSAGE , 1
com.msum.library.android.permission.MAPS_RECEIVE , 1
android.permission.WRITE_GSERVICES , 1
com.fsck.k9.permission.READ_MESSAGES , 1
com.condream.dreambeacon.dreammuseum.permission.C2D_MESSAGE , 1
com.infobip.push.demo.permission.C2D_MESSAGE , 1
com.tinjasoft.tasks.permission.READ_TASKS , 1
com.ubikod.capptain.demo.permission.RECEIVE_ADM_MESSAGE , 1
org.oshc.chemicalsafetydatabase.permission.C2D_MESSAGE , 1
com.ortodoncis.ortodoncis.permission.C2D_MESSAGE , 1
mobi.ketchapp.ketchappnl.permission.C2D_MESSAGE , 1
com.wTodayQuotes.permission.C2D_MESSAGE , 1
android.permission.SET_ANIMATION_SCALE , 1
com.littlebau.phonegap.permission.C2D_MESSAGE , 1
com.fsecure.ms.raiffeisen.sa.ACCESS_DOWNLOAD_MANAGER_ADVANCED , 1
android.permission.SET_PROCESS_LIMIT , 1
com.haksoft.avni.permission.C2D_MESSAGE , 1
com.viettel.mtracking.permission.Activity , 1
kr.or.bok.boklibrary.permission.C2D_MESSAGE , 1
com.appbuilder.u19147p29875.permission.C2D_MESSAGE , 1
kr.ac.bc.library.permission.C2D_MESSAGE , 1
com.iwadoo.newbocin.permission.C2D_MESSAGE , 1
com.imm.catalogo.permission.MAPS_RECEIVE , 1
com.kyle.library.android.permission.MAPS_RECEIVE , 1
com.iwadoo.evassion.permission.C2D_MESSAGE , 1
android.permission.INTERCEPT_SMS , 1
android.intent.action.ASSIST , 1
com.aurorasi.aurorasfa.permission.MAPS_RECEIVE , 1
bl.in.co.einsatzleiterpro.permission.MAPS_RECEIVE , 1
alisovets.example.hellogooglemap.permission.MAPS_RECEIVE , 1
com.iam.roaming.permission.C2D_MESSAGE , 1
android.intent.action.SCREEN_OFF , 1
com.losoapp.formatwindows.permission.MAPS_RECEIVE , 1
com.conduit.app_874fd71068774b00a61b3d8d7daa332d.app.permission.C2D_MESSAGE , 1
com.dsi.ant.permission.ANT , 1
com.nost.nost.permission.C2D_MESSAGE , 1
com.conduit.app_b2b1d77b6b6b4ef1a929aacadec05ae1.app.permission.C2D_MESSAGE , 1
android.permission.SIGNAL_PERSISTENT_PROCESSES , 1
com.iwadoo.iwadoodemo.permission.MAPS_RECEIVE , 1
com.w63cc9ac6ea3e0bb322181dcf2970c47f.permission.C2D_MESSAGE , 1
com.wVegetableSmoothieRecipes.permission.C2D_MESSAGE , 1
android.permission.MASTER_CLEAR , 1
com.app_demotool.layout.permission.C2D_MESSAGE , 1
android.permission.INTERNAL_SYSTEM_WINDOW , 1
jp.softbank.mb.android.permission.CONTROL_WISPR_SESSION , 1
com.quantummedia.tapthisfashion.permission.C2D_MESSAGE , 1
com.android.email.permission.ACCESS_PROVIDER , 1
com.agmostudio.mobilecmstemplatedemoapp.permission.C2D_MESSAGE , 1
com.chariti.mobile.permission.C2D_MESSAGE , 1
com.apptec360.android.mdm.permission.C2D_MESSAGE , 1
com.wHumanAnatomyAtlasApp.permission.C2D_MESSAGE , 1
com.socketsoftware.whatbinday.permission.C2D_MESSAGE , 1
com.nebelhorn.blappsta.permission.C2D_MESSAGE , 1
com.example.mapdemo.permission.MAPS_RECEIVE , 1
com.make.permission.C2D_MESSAGE , 1
com.myceviche.myceviche.android.app.permission.MAPS_RECEIVE , 1
com.app_appsview.layout.permission.C2D_MESSAGE , 1
bl.in.co.loeschwasser.permission.MAPS_RECEIVE , 1
android.permission.FACTORY_TEST , 1
org.osgi.service.event.RECEIVE_EVENTS , 1
com.pushnotification.app.permission.C2D_MESSAGE , 1
com.tinycharities.DemoCharity.permission.C2D_MESSAGE , 1
com.app_pthouse.layout.permission.C2D_MESSAGE , 1
ru.mw.permission.GEO_DATA , 1
com.appbuilder.u622915p932646.permission.C2D_MESSAGE , 1
com.wAcneRemediesandCures.permission.C2D_MESSAGE , 1
com.wCLEaRSVideoMarathi.permission.C2D_MESSAGE , 1
org.dayup.gtask.permission.READ_TASKS , 1
com.lubo.livewallpaper.fb.permission.C2D_MESSAGE , 1
de.kondaconsult.apps.phw9oy.permission.C2D_MESSAGE , 1
com.culture.kanemoto.permission.C2D_MESSAGE , 1
android.permission.SET_ACTIVITY_WATCHER , 1
com.kguard.KViewQR.permission.C2D_MESSAGE , 1
de.apptitan.danddps.ehbb77.permission.C2D_MESSAGE , 1
com.apmato.apmato.permission.MAPS_RECEIVE , 1
kr.ac.kookmin.library.permission.C2D_MESSAGE , 1
com.csam.mclient.testtargetversion.activity.permission.C2D_MESSAGE , 1
com.hagerstown.library.android.permission.MAPS_RECEIVE , 1
com.wexternalinsulation.permission.C2D_MESSAGE , 1
com.example.androidmapsv2.permission.MAPS_RECEIVE , 1
com.spudsoftware.mledesma.iScope.permission.C2D_MESSAGE , 1
com.jaisaistudio.homagephramongkolthepmuni.permission.C2D_MESSAGE , 1
kr.ac.kunsan.ksulibrary.permission.C2D_MESSAGE , 1
com.wARLIPAC.permission.C2D_MESSAGE , 1
com.vectornav.android.vpemobile.USE_FILTER , 1
com.conduit.app_b34b219615694b52b676b9b316bf5bc5.app.permission.C2D_MESSAGE , 1
android.permission.ACCESS_DOWNLOAD_MANAGER , 1
com.jee.airdrowthsps.permission.C2D_MESSAGE , 1
org.novel.islami.terbaik.by.dr.abdoel.permission.C2D_MESSAGE , 1
android.bluetooth.device.action.FOUND , 1
com.example.bluetooth.BACKPORT_BLUETOOTH , 1
com.asus.aicam.permission.C2D_MESSAGE , 1
net.derdack.ea.permission.C2D_MESSAGE , 1
com.pizzabox.ui.permission.MAPS_RECEIVE , 1
android.permission.DELETE_CACHE_FILES , 1
com.moltak.test.fragment.permission.MAPS_RECEIVE , 1
com.timsu.astrid.permission.READ_TASKS , 1
com.devuni.flashlight.CONTROL_LIGHT , 1
jp.co.sharp.android.WISPr.permission.USE_SBM_WISPR , 1
com.MuslimsBook.permission.C2D_MESSAGE , 1
biz.app4mobile.app_ba4241956d564abe9a9b705c849ab09a.app.permission.C2D_MESSAGE , 1
com.conduit.app_10a7e96023664d0cb54b5e0e34f8e0a6.app.permission.C2D_MESSAGE , 1
com.conduit.app_b2b1d77b6b6b4ef1a929aacadec05ae1.app.permission.RECEIVE_ADM_MESSAGE , 1
de.erfolgssysteme.app.qz6kga.permission.C2D_MESSAGE , 1
de.fabrik19.fabrik19.permission.MAPS_RECEIVE , 1
com.demo.afdemo1.permission.C2D_MESSAGE , 1
id.co.firzil.tausiyah.permission.C2D_MESSAGE , 1
android.permissions.RECEIVE_BOOT_COMPLETED , 1
com.conduit.app_2c80504e38f74557a0da13b19532f3b7.app.permission.RECEIVE_ADM_MESSAGE , 1
com.liou.IPCameraHB.permission.C2D_MESSAGE , 1
be.intotheweb.app2bizz.knauf.permission.C2D_MESSAGE , 1
com.app.rm.nbpl2go.permission.C2D_MESSAGE , 1
com.iltemasuddua.permission.C2D_MESSAGE , 1
com.fsecure.ms.raiffeisen.sa.permission.USE_EXT_API , 1
my_app_package.permission.C2D_MESSAGE , 1
com.keysolutions.meteorparties.permission.MAPS_RECEIVE , 1
android.permission.NETWORK_STATE , 1
com.fede.launcher.permission.READ_SETTINGS , 1
org.adw.launcher.permission.READ_SETTINGS , 1
com.hybridforge.oppl.permission.MAPS_RECEIVE , 1
com.xiaomi.channel.WRITE_BUDDY , 1
android.permission.BROADCAST_WAP_PUSH , 1
com.anddoes.launcher.permission.READ_SETTINGS , 1
android.permission.SET_ALWAYS_FINISH , 1
com.tinjasoft.tasks_trial.permission.READ_TASKS , 1
flugbuch.java.permission.MAPS_RECEIVE , 1
com.northAmerican.exhibition.sipsavor.permission.MAPS_RECEIVE , 1
com.imm.centrodeportivo.permission.MAPS_RECEIVE , 1
com.android.permission.ACCESS_BROWSER , 1
com.app_hiverpreview.layout.permission.C2D_MESSAGE , 1
